{
  "projects": [
    {
      "added": 1485174060,
      "title": "BELLEVILLE COP",
      "type": "Feature Film",
      "castingDirector": "Lori Wyman",
      "startDate": 1492560000
    },  
    {
      "added": 1485145920,
      "title": "WATER BY THE SPOONFUL",
      "type": "Theatre",
      "castingDirector": "Natalia Macker",
      "startDate": 1491177600
    },
    {
      "added": 1485147480,
      "title": "MARCO",
      "type": "Feature Film",
      "castingDirector": "Christina Jo'Leigh",
      "startDate": 1486425600
    },
    {
      "added": 1485139860,
      "title": "IN THE CUT - THE JAY FOUNDATION #305",
      "type": "Episodic",
      "castingDirector": "Phaedra Harris",
      "startDate": 1486944000
    },
    {
      "added": 1485142740,
      "title": "MOVIE NIGHT",
      "type": "Webisode",
      "castingDirector": "Samantha Schwartzman",
      "startDate": 1487203200
    }
  ]
}
